教育部學類,  99學年三年後就業薪資 _日間碩士,99學年三年後就業薪資 _ 在職碩士,99學年三年後就業薪資 _ 日間學士,99學年三年後就業薪資 _ 進修學士,99學年三年後就業薪資 _ 日間專科,99學年三年後就業薪資 _ 進修專科,  99學年四年後就業薪資 _日間碩士,99學年四年後就業薪資 _ 在職碩士,99學年四年後就業薪資 _ 日間學士,99學年四年後就業薪資 _ 進修學士,99學年四年後就業薪資 _ 日間專科,99學年四年後就業薪資 _ 進修專科,  100學年三年後就業薪資 _日間碩士,100學年三年後就業薪資 _ 在職碩士,100學年三年後就業薪資 _ 日間學士,100學年三年後就業薪資 _ 進修學士,100學年三年後就業薪資 _ 日間專科,100學年三年後就業薪資 _ 進修專科,  99學年三年後就業率 _日間碩士,99學年三年後就業率 _ 在職碩士,99學年三年後就業率 _ 日間學士,99學年三年後就業率 _ 進修學士,99學年三年後就業率 _ 日間專科,99學年三年後就業率 _ 進修專科,  99學年四年後就業率 _日間碩士,99學年四年後就業率 _ 在職碩士,99學年四年後就業率 _ 日間學士,99學年四年後就業率 _ 進修學士,99學年四年後就業率 _ 日間專科,99學年四年後就業率 _ 進修專科,  100學年三年後就業率 _日間碩士,100學年三年後就業率 _ 在職碩士,100學年三年後就業率 _ 日間學士,100學年三年後就業率 _ 進修學士,100學年三年後就業率 _ 日間專科,100學年三年後就業率 _ 進修專科
綜合教育學類,62984,83702,37423,,,,64477,84742,40772,,,,66694,83811,39105,,,,95.18%,97.57%,84.23%,,,,95.70%,97.14%,88.10%,,,,96.54%,98.60%,84.94%,,,
普通科目教育學類,59134,79359,34327,,,,61750,80424,37930,,,,64152,78445,37278,,,,93.53%,99.17%,85.49%,,,,96.07%,98.61%,90.28%,,,,92.54%,98.40%,86.58%,,,
專業科目教育學類,61391,80775,34619,33738,,,64135,83716,39196,37126,,,57882,80685,36175,35243,,,94.85%,98.35%,85.30%,86.89%,,,94.29%,97.53%,88.05%,86.07%,,,93.48%,98.47%,87.65%,80.65%,,
學前教育學類,55313,75621,32645,25384,,,57580,76503,35008,27350,,,50771,75409,31494,27452,,,91.37%,97.66%,90.98%,95.65%,,,93.53%,97.66%,92.16%,97.10%,,,92.66%,100.00%,92.73%,89.25%,,
成人教育學類,59813,83277,30753,,,,60955,80841,34661,,,,67144,79453,28416,,,,96.88%,100.00%,85.71%,,,,95.31%,100.00%,91.43%,,,,96.00%,100.00%,85.00%,,,
特殊教育學類,66102,76642,44859,,,,67033,77459,48356,,,,71112,75650,45705,,,,99.01%,98.79%,92.74%,,,,98.03%,98.79%,93.08%,,,,97.78%,100.00%,90.24%,,,
教育行政學類,66018,87237,31545,,,,69876,88780,34659,,,,69915,88500,33950,,,,94.36%,97.46%,80.85%,,,,93.33%,96.34%,89.36%,,,,96.88%,97.16%,93.07%,,,
教育科技學類,58938,78203,28474,,,,63097,80505,31328,,,,52934,84347,29565,,,,93.48%,100.00%,88.61%,,,,92.20%,100.00%,95.00%,,,,94.93%,97.32%,90.24%,,,
教育測驗評量學類,47509,75789,,,,,49881,78303,,,,,59172,72786,,,,,95.24%,97.96%,,,,,95.24%,97.96%,,,,,90.91%,100.00%,,,,
其他教育學類,57360,88935,37638,,,,57600,91449,40648,,,,57022,84526,31201,,,,96.61%,98.25%,88.89%,,,,98.33%,98.25%,88.89%,,,,96.83%,100.00%,68.18%,,,
美術學類,43291,66311,29377,41241,,,46697,68795,32159,40321,,,42788,71641,29187,34942,,,73.53%,88.07%,75.73%,70.50%,,,77.45%,87.50%,78.83%,70.50%,,,81.11%,84.26%,78.04%,72.12%,,
雕塑藝術學類,,,33485,,,,,,26367,,,,,,28519,,,,,,53.85%,,,,,,53.85%,,,,,,66.67%,,,
美術工藝學類,36358,62398,24842,29399,24549,,41119,62845,26739,29968,28080,,,,24593,32681,25403,,81.82%,75.00%,86.59%,83.33%,69.57%,,81.82%,75.00%,87.80%,83.33%,78.26%,,,,82.18%,84.62%,66.67%,
音樂學類,53083,74454,31875,26387,,,54783,74389,33807,29363,,,50582,70192,33165,28772,,,78.13%,92.81%,65.71%,75.51%,,,83.18%,93.53%,68.10%,78.57%,,,79.02%,94.12%,63.71%,72.64%,,
戲劇舞蹈學類,47729,65927,30066,38222,,,50090,68425,33713,42758,,,50516,60312,32518,29988,35533,,85.44%,87.50%,76.52%,71.79%,,,84.47%,87.50%,81.21%,75.00%,,,80.65%,100.00%,71.19%,86.79%,100.00%,
視覺藝術學類,40805,74883,29914,27930,,30463,41954,72700,29854,28129,,34349,44743,83027,28300,26538,23476,,77.57%,98.08%,79.70%,70.97%,,81.82%,82.24%,94.23%,87.13%,74.19%,,91.43%,81.61%,95.31%,79.35%,70.97%,66.67%,
綜合藝術學類,50547,79278,29871,,,,51134,82031,33517,,,,53843,71259,30796,23226,,,79.80%,100.00%,78.20%,,,,81.82%,100.00%,81.52%,,,,89.47%,100.00%,77.46%,50.00%,,
民俗藝術學類,51370,,28217,,,,59103,,29388,,,,,,32927,,,,86.67%,,58.33%,,,,93.33%,,66.67%,,,,,,78.95%,,,
應用藝術學類,43385,80499,30450,,,,47090,81851,34320,,,,48340,72546,30802,,,,85.40%,96.77%,77.31%,,,,87.59%,93.55%,79.83%,,,,77.42%,95.56%,82.64%,,,
藝術行政學類,47623,,27005,,,,45349,,26723,,,,46674,,29165,,,,85.29%,,70.00%,,,,91.18%,,87.50%,,,,93.55%,,87.50%,,,
台灣語文學類,48052,76456,28427,,,,51359,75557,32989,,,,51411,79368,30220,,,,87.14%,93.02%,84.94%,,,,85.71%,91.86%,87.43%,,,,82.28%,96.92%,84.02%,,,
中國語文學類,52560,80014,31029,30970,,,55031,81433,33926,33393,,,55646,78315,32146,29771,,,87.39%,97.08%,82.68%,87.68%,,,88.89%,96.79%,85.82%,89.49%,,,84.57%,97.90%,81.59%,84.27%,,
外國語文學類,47592,68581,30313,34680,25862,33818,49715,70862,33103,36733,27346,39109,45886,70527,31111,34138,25044,35446,88.65%,98.57%,84.62%,85.12%,46.20%,81.97%,89.72%,97.86%,86.94%,86.51%,66.45%,85.25%,84.89%,97.28%,86.39%,84.81%,47.73%,44.64%
其他語文學類,49673,82461,35684,,,,49122,85799,39338,,,,44807,77422,35910,,,,91.67%,97.92%,89.09%,,,,100.00%,96.88%,89.29%,,,,90.00%,93.94%,79.66%,,,
翻譯學類,47587,,30426,52506,,,51186,,32807,,,,42475,80950,29786,,,,81.25%,,89.35%,100.00%,,,81.25%,,91.12%,,,,93.75%,100.00%,84.52%,,,
語言學類,49418,94289,28770,,,,52114,96507,32910,,,,56850,,33669,,,,94.03%,92.86%,84.78%,,,,91.18%,92.86%,86.23%,,,,85.71%,,85.51%,,,
宗教學類,54214,75269,27366,,,,53273,72419,29052,,,,49640,76745,27946,,,,63.79%,86.36%,73.63%,,,,63.79%,93.18%,83.52%,,,,73.91%,95.45%,73.26%,,,
歷史學類,53666,77930,30347,36831,,,54735,80793,33817,38466,,,48323,78868,32744,26975,,,80.90%,99.34%,75.60%,88.04%,,,85.96%,99.34%,81.79%,86.96%,,,84.76%,98.85%,80.29%,80.88%,,
人類學學類,40822,,30988,,,,46880,,34150,,,,47893,,35421,,,,95.24%,,85.96%,,,,95.24%,,87.72%,,,,87.10%,,81.58%,,,
哲學學類,46822,84432,30394,30334,,,47206,85732,33977,35987,,,55445,86344,35148,31459,,,78.79%,85.51%,78.80%,92.59%,,,78.79%,82.61%,82.69%,92.59%,,,84.62%,93.22%,80.71%,85.71%,,
文獻學學類,50808,,,,,,53088,,,,,,42599,,,,,,81.25%,,,,,,87.50%,,,,,,100.00%,,,,,
其他人文學類,50279,77081,33020,41311,,,55483,78920,35654,34962,,,45052,78111,28950,38960,,,89.13%,95.00%,84.48%,88.89%,,,91.30%,85.00%,87.93%,83.33%,,,86.36%,96.08%,80.30%,100.00%,,
綜合設計學類,39660,70314,26527,27241,,,44854,69651,28801,28453,,,42368,60890,27967,24575,,,87.86%,90.48%,83.22%,84.06%,,,84.51%,87.30%,85.88%,85.58%,,,90.41%,92.86%,85.66%,83.33%,,
視覺傳達設計學類,33878,59521,26718,28886,27480,23865,38047,59975,29121,30433,26981,26499,35942,57149,27021,29273,23286,29036,87.74%,82.14%,86.85%,83.85%,53.33%,93.10%,87.90%,82.14%,88.18%,84.47%,63.33%,93.10%,93.57%,97.73%,86.31%,84.78%,63.33%,96.00%
產品設計學類,37517,72363,27422,29008,17816,,43666,79396,29640,31180,19167,,39943,71311,27968,29413,24693,,93.65%,92.31%,87.79%,86.68%,58.33%,,89.74%,92.31%,90.28%,85.33%,83.33%,,89.96%,92.08%,88.15%,86.76%,66.67%,
空間設計學類,31139,56251,25609,27800,21325,27018,32845,53135,28711,28435,24294,35741,32386,57294,26237,27728,21749,35526,87.76%,75.00%,90.25%,86.35%,63.64%,94.44%,91.84%,66.67%,91.98%,83.94%,90.91%,88.89%,93.62%,83.33%,92.52%,91.37%,76.92%,79.31%
其他設計學類,42539,78474,26060,23817,,,45019,77837,28672,26260,,,53553,82239,24429,24738,,,81.63%,98.18%,78.67%,87.50%,,,81.63%,96.36%,85.33%,68.75%,,,96.08%,93.33%,89.33%,81.82%,,
經濟學類,45020,73259,34767,34288,,,50190,78667,39562,35613,,,47891,81947,35605,34110,,,85.02%,93.57%,84.72%,92.00%,,,87.42%,90.07%,87.08%,92.05%,,,91.36%,97.01%,85.07%,93.39%,,
政治學類,44335,86562,35703,,,,46843,89777,39605,,,,48173,87201,36402,,,,83.56%,95.97%,78.45%,,,,85.62%,93.75%,84.31%,,,,81.82%,89.00%,73.95%,,,
社會學類,61633,73218,31375,,,,65024,74249,35802,,,,67037,77226,32953,,,,93.23%,98.70%,82.08%,,,,91.39%,97.44%,87.03%,,,,91.12%,98.00%,84.66%,,,
民族學類,36710,82311,33736,,,,35083,83496,31267,,,,35223,87563,34259,,,,95.00%,89.19%,86.27%,,,,95.00%,89.19%,80.39%,,,,77.78%,91.30%,67.86%,,,
心理學類,50558,73721,32759,31822,,,53410,74564,35705,30571,,,51172,77207,32392,32644,,,93.62%,96.97%,80.90%,82.35%,,,93.33%,97.98%,83.60%,86.76%,,,94.78%,100.00%,80.54%,84.85%,,
地理學類,58344,69290,38614,,,,61741,72147,43179,,,,49492,78227,38897,,,,91.67%,100.00%,80.62%,,,,88.33%,100.00%,90.77%,,,,95.71%,100.00%,83.87%,,,
區域研究學類,51558,84863,31782,,,,56169,86441,35462,,,,50333,83488,33051,,,,90.69%,96.35%,81.78%,,,,87.93%,93.81%,83.77%,,,,90.77%,94.44%,81.02%,,,
公共行政學類,50556,84248,31277,30677,,,53098,85242,34898,34307,,,47778,83503,32551,30640,,,90.73%,95.89%,81.78%,85.40%,,,91.54%,94.75%,85.77%,88.32%,,,86.42%,95.76%,82.30%,87.34%,,
國際事務學類,52203,58762,29818,,,,55304,64554,32991,,,,43522,84410,30236,,,,85.54%,78.95%,82.64%,,,,84.52%,76.92%,88.89%,,,,82.73%,94.12%,85.95%,,,
綜合社會及行為科學學類,54670,79348,33569,,,,59356,80983,36354,,,,50769,81853,34870,,,,90.31%,91.93%,86.07%,,,,91.33%,91.41%,90.55%,,,,90.34%,97.80%,86.77%,,,
一般大眾傳播學類,41084,62492,28330,28391,,22193,44264,64309,31263,31102,,24628,39888,79976,29400,28564,,,89.87%,95.89%,87.87%,87.53%,,75.00%,93.42%,93.15%,89.06%,89.33%,,100.00%,94.62%,91.95%,88.84%,89.12%,,
新聞學類,40529,81601,32970,,,,45884,84847,36626,,,,48637,56093,33212,,,,94.44%,100.00%,89.46%,,,,95.83%,100.00%,89.25%,,,,96.15%,100.00%,90.21%,,,
廣播電視學類,42183,60002,29889,41126,,,41632,65136,32626,38813,,,37989,72684,31819,34464,,,82.93%,88.89%,86.24%,84.31%,,,85.37%,88.89%,85.43%,88.24%,,,90.00%,88.89%,87.15%,92.31%,,
公共關係學類,39786,63899,31843,23355,,,43593,68290,33263,27480,,,38626,72779,33211,22651,,,92.86%,85.71%,87.33%,94.74%,,,92.86%,78.57%,87.33%,100.00%,,,100.00%,100.00%,89.67%,77.78%,,
博物館學類,41698,,,,,,50976,,,,,,45017,,,,,,91.49%,,,,,,93.62%,,,,,,94.59%,,,,,
圖書資訊檔案學類,45942,69062,31247,26350,,,47532,70944,31870,29288,,,44304,69045,32241,26662,,,93.42%,100.00%,85.71%,88.89%,,,94.74%,100.00%,88.10%,91.67%,,,100.00%,100.00%,93.10%,97.50%,,
圖文傳播學類,37823,69912,29788,27387,,,42904,69755,34434,36226,,,38543,52367,34778,34099,,,82.35%,93.33%,82.47%,83.33%,,,82.35%,90.32%,86.08%,66.67%,,,95.65%,95.24%,86.67%,79.17%,,
廣告學類,49555,,32026,33527,,,63387,,36196,37067,,,39791,,30202,34322,,,93.75%,,89.04%,88.98%,,,87.50%,,89.47%,87.50%,,,94.44%,,89.96%,83.46%,,
其他傳播及資訊學類,,101922,,,,,,93740,,,,,,85915,47995,,,,,100.00%,,,,,,100.00%,,,,,,100.00%,91.67%,,,
一般商業學類,49954,74953,26983,36032,,,55698,80111,29906,38362,,,51550,79137,27875,36569,,,97.30%,94.87%,81.19%,87.72%,,,95.95%,96.15%,88.24%,88.16%,,,92.55%,95.29%,82.48%,90.35%,,
會計學類,45472,79675,32899,33585,23763,35634,51767,84151,35913,35978,27437,37257,45863,79468,33294,34862,23827,39398,94.08%,96.17%,89.96%,91.99%,45.90%,90.00%,94.09%,95.22%,91.57%,91.37%,67.48%,90.00%,93.81%,94.95%,90.83%,92.17%,49.56%,81.25%
企業管理學類,47960,99045,29887,35199,24762,33925,52793,105597,32632,37663,27331,38150,48024,96539,30451,37259,28641,31935,92.63%,95.46%,87.50%,90.19%,59.93%,87.82%,93.76%,94.85%,89.69%,90.06%,75.00%,90.54%,92.22%,95.83%,88.43%,88.02%,70.50%,85.91%
貿易學類,45938,82117,30020,32603,25730,31007,50975,81953,33255,34590,27380,32112,46158,70540,30649,33896,27452,25710,90.15%,92.63%,88.78%,91.00%,58.23%,88.24%,95.45%,91.58%,91.26%,91.00%,75.62%,89.71%,93.65%,100.00%,88.98%,89.24%,52.94%,73.33%
財務金融學類,49353,88168,32166,36617,22887,34905,57129,93077,35652,38887,26317,38813,47774,88512,32461,34283,25377,50780,92.34%,96.24%,86.40%,90.36%,58.70%,96.55%,94.51%,96.24%,89.92%,89.50%,78.00%,93.10%,93.82%,97.05%,88.44%,90.39%,60.71%,35.94%
風險管理學類,48563,82395,31954,34877,,,55212,90762,35610,38553,,,49272,89738,33424,32797,,,96.88%,97.70%,89.81%,89.41%,,,96.91%,96.55%,91.18%,87.29%,,,93.20%,96.59%,89.35%,86.17%,,
財政學類,48447,79513,31251,36217,,28595,55208,80768,34319,38829,27372,29013,44760,60516,32274,36368,28401,,86.67%,100.00%,88.44%,90.51%,,90.00%,93.33%,100.00%,92.14%,90.51%,70.00%,90.00%,94.12%,87.50%,88.35%,90.00%,50.00%,
行銷與流通學類,42853,68149,27545,33541,24773,44156,47283,72554,30316,35853,29241,45005,44997,69586,28555,32989,27706,39532,93.80%,95.93%,88.53%,90.28%,100.00%,91.36%,96.15%,95.16%,90.52%,91.21%,85.71%,86.59%,94.34%,94.17%,89.61%,90.33%,90.57%,83.33%
醫管學類,48199,106679,27648,37439,,,50612,106937,30046,39753,,,52982,97644,29212,38551,,,96.81%,97.80%,89.48%,92.86%,,,93.23%,97.25%,92.40%,92.26%,,,93.53%,98.39%,88.44%,91.91%,,
其他商業及管理學類,60023,117472,30508,37254,24435,,64511,122025,33779,39284,23196,,60184,113980,30676,39189,29713,,94.51%,95.32%,87.36%,91.01%,84.21%,,95.08%,93.88%,90.20%,90.50%,90.00%,,93.02%,94.10%,88.03%,90.71%,75.00%,
一般法律學類,74471,95609,35693,45918,,,79574,101917,39475,48365,,,74074,104846,34554,37981,,,87.35%,94.48%,64.27%,77.30%,,,88.01%,90.34%,73.68%,80.98%,,,85.97%,89.44%,63.86%,75.14%,,
專業法律學類,59542,83224,28534,55133,,,67615,87386,31419,56668,,,61495,90761,29722,55250,,,85.02%,95.38%,77.56%,85.51%,,,87.56%,90.77%,83.49%,88.41%,,,86.67%,91.53%,76.08%,90.00%,,
其他法律學類,59388,143269,37723,62863,,,73905,134942,44817,65671,,,32233,107715,38685,67472,,,66.67%,95.00%,50.00%,91.18%,,,83.33%,87.50%,66.67%,91.18%,,,88.89%,97.44%,65.85%,100.00%,,
生物學類,43082,69141,30943,,,,46489,72018,34384,,,,41235,97210,32106,,,,91.07%,100.00%,72.07%,,,,90.63%,100.00%,79.70%,,,,90.67%,100.00%,65.71%,,,
生態學類,43466,75109,26013,,,,48796,75479,29465,,,,44085,84102,26924,,,,92.73%,100.00%,85.48%,,,,92.73%,100.00%,85.48%,,,,97.92%,100.00%,72.37%,,,
生物科技學類,40834,80601,27437,28585,,,43392,86944,30728,31039,,,39621,53835,28972,31400,,,92.47%,97.96%,81.75%,92.52%,,,93.12%,97.96%,84.21%,85.98%,,,90.83%,96.36%,82.97%,87.37%,,
微生物學類,44757,,34995,,,,50753,,37739,,,,43136,,32897,,,,93.67%,,75.00%,,,,95.00%,,78.13%,,,,92.21%,,78.95%,,,
生物化學學類,45701,,30521,,,,50112,,33900,,,,45058,,27249,,,,89.19%,,66.07%,,,,96.28%,,76.79%,,,,87.08%,,61.54%,,,
生物訊息學類,47096,97432,27720,,,,50453,114308,31263,,,,44556,82881,30360,,,,90.24%,100.00%,85.00%,,,,93.33%,100.00%,81.67%,,,,94.87%,88.89%,87.76%,,,
其他生命科學類,64234,98019,29844,,,,73717,87567,40825,,,,39748,60207,26278,,,,100.00%,100.00%,76.19%,,,,100.00%,100.00%,77.27%,,,,95.45%,100.00%,72.41%,,,
化學學類,52891,52510,33991,30158,,,63253,54688,38295,33707,,,56995,74990,34438,33117,,,96.05%,100.00%,83.12%,76.47%,,,97.21%,100.00%,85.28%,76.47%,,,96.52%,92.59%,82.12%,89.47%,,
地球科學學類,41476,74000,32894,,,,45207,73696,36935,,,,43830,81038,33686,,,,94.24%,100.00%,67.92%,,,,95.80%,100.00%,77.78%,,,,96.32%,100.00%,79.10%,,,
物理學類,57053,79256,32837,,,,70060,83133,38149,,,,60185,73918,36818,,,,93.62%,100.00%,76.74%,,,,95.25%,100.00%,80.06%,,,,90.85%,95.24%,75.26%,,,
大氣科學學類,51146,,31585,,,,52862,,35750,,,,46277,,31131,,,,95.45%,,77.97%,,,,100.00%,,75.41%,,,,88.57%,,69.84%,,,
海洋科學學類,43046,82122,28197,,,,47404,85625,31484,,,,43700,79421,33300,,,,91.20%,100.00%,75.00%,,,,89.60%,100.00%,80.70%,,,,92.55%,100.00%,87.01%,,,
天文及太空科學學類,50529,,,,,,64661,,,,,,48313,,,,,,84.62%,,,,,,79.31%,,,,,,95.00%,,,,,
其他自然科學學類,60414,83066,32924,,,,63234,82070,35755,,,,57721,82228,31359,,,,93.18%,100.00%,76.19%,,,,93.62%,100.00%,85.71%,,,,93.83%,100.00%,86.90%,,,
數學學類,50771,82542,33096,29143,,,56240,84175,37087,33073,,,50944,81047,33268,29954,,,87.79%,100.00%,79.82%,100.00%,,,87.25%,100.00%,86.24%,100.00%,,,90.42%,100.00%,77.35%,55.56%,,
統計學類,50756,79986,31558,33561,,,58045,82354,35089,37795,,,51856,88187,32077,33104,,,93.88%,100.00%,85.34%,91.36%,,,95.51%,100.00%,88.32%,90.12%,,,93.70%,98.48%,86.60%,93.85%,,
其他數學及統計學類,55201,76026,35137,,,,59550,79284,39426,,,,44773,62850,35586,,,,86.96%,92.31%,84.50%,,,,86.96%,92.31%,88.29%,,,,94.74%,100.00%,87.12%,,,
電算機一般學類,49647,73590,28803,31270,27048,31137,55204,78142,31957,33599,29448,32263,49852,74566,29212,32764,25594,35197,95.24%,97.91%,86.64%,90.68%,67.73%,86.87%,95.84%,97.56%,89.53%,91.50%,74.55%,85.60%,95.40%,97.52%,88.44%,90.71%,61.57%,87.12%
網路學類,74544,,29666,26597,,,82835,,31659,27545,,,78077,,28822,31719,,,96.00%,,91.41%,88.89%,,,97.50%,,90.80%,88.89%,,,97.73%,,90.10%,92.59%,,
軟體發展學類,67963,,27992,29457,24448,,78610,,30836,33107,24902,,66738,,27719,32250,22113,,94.87%,,84.38%,92.36%,73.68%,,95.65%,,85.66%,94.27%,75.00%,,96.67%,,85.39%,89.10%,71.88%,
系統設計學類,68195,,,,,,81070,,,,,,72313,,,,,,96.00%,,,,,,92.86%,,,,,,96.97%,,,,,
電算機應用學類,52872,73320,26862,26114,,,58354,73505,31267,28697,26330,,47058,71029,27519,32257,24048,20320,88.52%,100.00%,86.36%,92.11%,,,90.48%,100.00%,88.16%,92.11%,87.50%,,90.91%,95.00%,85.48%,90.16%,69.23%,90.00%
其他電算績學類,,,,,,,,,,,,,,,,49875,,,,,,,,,,,,,,,,,,100.00%,,
電資工程學類,56046,80246,30849,34305,25630,33016,68887,86921,35771,37564,28137,34081,62298,84755,31680,34913,28660,37269,95.43%,97.29%,88.00%,92.40%,79.23%,86.49%,96.90%,97.40%,91.12%,93.58%,83.94%,89.30%,96.53%,98.49%,88.43%,89.63%,67.14%,89.13%
機械工程學類,49611,77363,31686,32517,26761,41208,60403,83510,37129,35704,30302,43255,52645,71059,32010,32955,28949,38042,95.21%,96.47%,90.08%,92.15%,78.16%,89.77%,96.92%,96.47%,92.24%,93.35%,77.12%,92.47%,95.64%,95.78%,90.41%,89.24%,77.64%,90.70%
土木工程學類,41381,73038,29929,35456,22701,,46943,72881,34227,37816,27036,,42716,73816,31152,39307,24328,,92.62%,96.67%,88.49%,91.61%,74.19%,,94.68%,96.25%,90.82%,90.91%,71.79%,,93.69%,97.33%,88.44%,78.08%,57.14%,
化學工程學類,50853,58101,33872,34071,27195,29845,61357,63330,39091,37518,29658,26175,54061,63339,35251,33115,25580,,95.67%,95.52%,88.94%,92.69%,62.16%,60.00%,96.40%,98.53%,90.72%,92.36%,70.45%,80.00%,95.51%,98.63%,88.42%,92.67%,41.18%,
材料工程學類,55751,73849,33448,32002,,,67793,78757,37878,34716,,,60601,72289,34097,40096,,,96.93%,98.44%,84.97%,89.13%,,,97.22%,98.44%,87.26%,91.30%,,,96.63%,95.71%,82.88%,93.48%,,
工業工程學類,49903,75690,30510,37539,25583,32837,59148,80338,34554,40350,29878,33908,56009,86826,30596,37058,31106,33111,96.17%,96.73%,88.13%,92.70%,69.49%,61.29%,96.81%,94.47%,89.32%,91.55%,78.79%,87.50%,95.83%,97.89%,88.67%,92.25%,76.92%,100.00%
紡織工程學類,48330,58568,30534,33629,,,50152,72192,32608,34580,,,42519,,28419,33215,,,94.12%,100.00%,91.19%,93.94%,,,97.22%,100.00%,91.75%,93.94%,,,100.00%,,87.06%,87.10%,,
測量工程學類,40383,,43542,,,,54634,,50256,,,,45632,,35747,,,,100.00%,,82.35%,,,,100.00%,,94.12%,,,,100.00%,,91.67%,,,
環境工程學類,43921,69413,28706,31691,19107,,50567,71502,31849,34330,28171,,44064,66510,28970,33079,,,95.20%,98.18%,89.82%,92.34%,80.00%,,96.90%,97.58%,91.30%,93.07%,100.00%,,95.32%,98.92%,87.65%,94.39%,,
河海工程學類,41420,68683,32305,,,,47264,73278,36911,,,,39669,83890,30866,,,,89.92%,97.30%,82.14%,,,,90.00%,100.00%,90.48%,,,,86.33%,93.75%,84.38%,,,
生醫工程學類,53985,60980,31329,31030,,,62322,66358,36263,36011,,,52487,77716,30664,30679,,,93.33%,100.00%,84.21%,100.00%,,,94.91%,100.00%,87.50%,100.00%,,,95.39%,100.00%,83.06%,100.00%,,
核子工程學類,64608,,39159,,,,81191,,59257,,,,65876,,45676,,,,93.42%,,53.85%,,,,97.62%,,61.54%,,,,95.71%,,65.00%,,,
綜合工程學類,51767,75560,33068,24367,,,63800,77541,38341,27028,,,57012,75152,31724,29700,,,92.73%,95.52%,81.75%,88.46%,,,94.82%,97.01%,85.38%,96.15%,,,95.40%,97.01%,81.42%,82.61%,,
其他工程學類,51513,88498,30737,38506,,22638,58973,93475,35687,41557,,24972,47025,89172,35299,37070,,,93.68%,95.89%,89.01%,90.00%,,77.78%,95.00%,96.80%,91.21%,91.25%,,69.23%,95.92%,98.47%,94.70%,94.66%,,
建築學類,39013,68892,29411,33635,25888,30045,41826,72127,32214,35287,30381,30848,42786,75862,29201,34948,26736,42397,91.67%,94.68%,90.67%,90.07%,58.97%,94.44%,90.88%,94.68%,91.76%,91.55%,68.29%,94.44%,92.18%,90.91%,89.85%,90.30%,41.46%,86.84%
景觀設計學類,37437,50245,27637,36004,,,38443,36309,29953,35848,,,34719,66467,26863,26405,,,91.38%,83.33%,89.57%,85.19%,,,86.21%,75.00%,90.67%,88.89%,,,85.92%,83.33%,90.48%,95.45%,,
都巿規劃學類,39576,74490,29532,,,,42231,78178,33859,,,,39384,69438,31038,55210,,,93.38%,96.97%,85.23%,,,,97.06%,93.94%,85.66%,,,,94.87%,90.91%,83.84%,75.00%,,
其他建築及都巿規劃學類,52775,89863,32746,,,,51082,92973,40964,,,,53868,88937,29757,,,,82.61%,100.00%,87.50%,,,,91.30%,100.00%,85.00%,,,,90.48%,100.00%,88.24%,,,
一般農業學類,40208,64840,29104,25346,,,43260,69250,32840,29955,,,41565,64375,30190,26786,,,90.28%,100.00%,80.72%,86.15%,,,93.24%,100.00%,86.83%,84.62%,,,87.65%,90.32%,80.37%,79.10%,,
畜牧學類,39677,62438,27851,29777,,,44302,60439,30457,34396,,,42664,62542,30968,30733,,,93.83%,85.71%,79.24%,77.78%,,,92.59%,85.71%,83.97%,77.78%,,,90.91%,100.00%,78.83%,64.00%,,
園藝學類,37031,,28779,24358,23796,52055,41686,,32603,28494,25166,47830,35701,,27849,25190,25640,34293,81.13%,,78.38%,89.47%,66.67%,80.77%,87.74%,,77.48%,95.00%,70.59%,84.62%,92.73%,,84.38%,82.14%,62.86%,73.68%
植物保護學類,38471,,29129,,,,40627,,31821,,,,38836,,27431,,,,100.00%,,88.89%,,,,95.00%,,91.11%,,,,97.56%,,87.23%,,,
農業經濟及推廣學類,41340,85559,34812,30177,,,46257,82302,37688,33453,,,42410,71878,33355,25020,,,92.86%,92.73%,84.62%,81.58%,,,87.50%,92.73%,85.71%,76.32%,,,94.74%,92.45%,81.08%,81.25%,,
食品科學類,36591,54332,26469,27629,22993,,41605,52701,29405,30095,25960,,38367,59638,27171,28467,21367,,94.74%,98.21%,85.54%,86.61%,64.71%,,94.43%,98.21%,89.15%,87.80%,72.22%,,96.63%,96.83%,86.50%,84.62%,58.33%,
水土保持學類,36853,64077,28151,,,,43537,67587,32705,,,,36151,57333,27792,,,,87.50%,100.00%,86.46%,,,,92.50%,94.74%,89.58%,,,,86.49%,92.59%,85.88%,,,
農業化學類,40447,,30284,,,,46313,,34922,,,,39181,,33191,,,,87.80%,,68.57%,,,,90.48%,,80.00%,,,,90.48%,,57.89%,,,
農業技術學類,41586,,38838,,,,46437,,36171,,,,35512,,22970,,,,100.00%,,100.00%,,,,100.00%,,92.86%,,,,84.21%,,62.50%,,,
林業學類,39359,72203,29608,25515,,,43508,72059,32653,26109,,,39460,67128,30452,22807,,,88.64%,90.00%,77.44%,85.71%,,,90.23%,90.00%,85.34%,85.71%,,,84.75%,100.00%,84.29%,76.19%,,
漁業學類,34666,68591,26897,27616,,48975,39802,70894,30412,29629,,44000,39771,78599,28359,28907,,,91.35%,100.00%,84.78%,89.23%,,100.00%,91.43%,100.00%,87.36%,87.69%,,100.00%,94.25%,96.88%,85.71%,88.78%,,
其他農林漁牧學類,,,,,,,,,,,,,,56219,,,,,,,,,,,,,,,,,,100.00%,,,,
獸醫學類,39946,81959,32824,,,,42909,,36983,,,,42666,61241,33459,,,,93.44%,87.50%,85.48%,,,,95.97%,,87.10%,,,,92.86%,90.91%,84.52%,,,
醫學學類,79242,159505,95360,,,,85393,178906,107377,,,,71731,238179,96546,,,,89.65%,100.00%,97.55%,,,,88.98%,96.15%,96.89%,,,,93.00%,100.00%,97.69%,,,
公共衛生學類,70176,163737,30414,29357,27579,,72323,192131,32447,32547,31155,,73629,96615,29759,33481,29031,,95.12%,92.31%,85.45%,89.94%,75.00%,,93.56%,84.62%,88.13%,91.11%,80.00%,,92.99%,94.12%,82.56%,88.55%,81.48%,
藥學學類,53699,67368,47275,26084,,,59719,70953,49728,29643,,,53560,72985,49218,31052,,,95.26%,90.91%,85.48%,94.44%,,,96.14%,96.97%,87.93%,100.00%,,,94.90%,90.32%,86.89%,83.33%,,
復健醫學學類,48546,70358,38140,30264,25992,29497,51697,71898,40854,30580,27687,29816,54095,,38687,28247,25447,40950,94.12%,100.00%,86.64%,100.00%,72.67%,80.36%,94.12%,100.00%,88.83%,100.00%,80.82%,82.14%,96.80%,,87.74%,91.49%,69.48%,92.00%
營養學類,36685,43957,28415,30585,23269,,39437,47271,30551,32573,26989,,36696,78847,28147,30069,24895,,97.35%,100.00%,85.12%,83.61%,72.50%,,95.61%,100.00%,89.40%,88.37%,79.07%,,91.53%,85.71%,85.99%,87.93%,46.15%,
護理學類,67335,72714,49785,51815,38223,40203,69833,74540,52463,54189,41062,41616,69710,70418,52190,53475,42673,40847,97.21%,95.29%,96.12%,97.85%,87.44%,95.96%,96.41%,96.47%,96.45%,97.80%,90.69%,95.07%,96.14%,98.98%,96.02%,97.29%,89.98%,95.87%
醫學技術及檢驗學類,50520,79176,34624,38454,24355,39777,55016,79953,38523,42481,25793,44254,51524,65391,35602,33988,26390,45864,95.26%,93.55%,84.23%,89.55%,69.33%,93.69%,95.87%,90.32%,87.72%,90.00%,73.89%,92.79%,91.70%,91.18%,83.92%,92.47%,67.00%,94.37%
牙醫學類,74496,67554,58937,34450,23197,33607,86745,75662,63691,33435,26273,31409,74589,81011,61496,37453,21281,34846,80.53%,77.78%,81.93%,100.00%,81.82%,86.67%,76.11%,77.78%,83.37%,100.00%,79.41%,80.95%,79.78%,80.00%,82.57%,100.00%,79.10%,85.37%
其他醫藥衛生學類,64934,,50951,28906,,,78565,,46207,29333,,,70153,,32475,,,,100.00%,,100.00%,84.21%,,,93.10%,,100.00%,84.21%,,,91.67%,,87.72%,,,
身心障礙服務學類,62395,,,,,,64927,,,,,,56721,,,,,,88.24%,,,,,,88.24%,,,,,,100.00%,,,,,
老年服務學類,54971,79161,33161,41400,22060,30313,47360,76049,34902,45728,22351,31565,46272,85794,33114,43003,24976,34299,72.73%,93.94%,89.71%,93.48%,42.11%,93.94%,81.82%,96.97%,91.91%,92.17%,70.00%,92.93%,90.91%,100.00%,91.71%,95.47%,73.81%,86.36%
社會工作學類,47057,62760,33049,35006,,,49602,67490,35184,35673,,,47556,70088,32770,35627,,,95.91%,100.00%,90.34%,93.78%,,,96.38%,100.00%,91.83%,93.55%,,,96.97%,100.00%,91.00%,93.09%,,
兒童保育學類,42991,73707,25809,27457,24007,26394,45101,73237,27392,28443,25559,27722,49013,68167,26541,28943,24560,26608,89.89%,100.00%,91.87%,92.11%,73.08%,91.20%,89.89%,100.00%,92.51%,92.36%,82.17%,90.95%,97.14%,100.00%,91.35%,92.89%,79.06%,94.53%
其他社會服務學類,,,,,,41758,,,,,,54261,,,,,,46329,,,,,,80.00%,,,,,,73.33%,,,,,,93.02%
餐旅服務學類,40371,62931,28222,28624,26256,28616,42206,65383,30856,30458,28048,31145,42816,63229,29143,28957,25576,30696,86.27%,90.91%,87.69%,87.28%,77.30%,81.53%,92.16%,88.64%,90.17%,88.70%,82.26%,83.22%,96.10%,96.77%,88.45%,82.04%,78.35%,70.12%
觀光休閒學類,47277,78403,28053,30830,24324,26171,47999,79336,30917,32747,25764,27091,43880,77737,29032,32442,22484,25308,87.60%,96.99%,87.39%,88.42%,82.76%,86.21%,89.24%,95.18%,88.32%,88.42%,80.51%,88.52%,91.40%,94.12%,88.18%,88.04%,78.17%,87.50%
競技運動學類,61003,74140,39999,32732,,,63023,75629,45835,29296,,,65291,78753,37390,28204,,,96.30%,100.00%,85.00%,81.82%,,,96.30%,100.00%,86.95%,81.82%,,,95.79%,100.00%,86.74%,80.00%,,
運動科技學類,63764,106280,27965,,,,64568,110998,29211,,,,48511,55852,28255,,,,98.21%,100.00%,80.00%,,,,98.21%,100.00%,84.44%,,,,89.83%,100.00%,93.75%,,,
運動休閒及休閒管理學類,48668,78039,28468,30299,26615,31034,50699,81176,30836,32556,28921,30244,50942,77795,29458,32527,22194,28711,93.38%,95.50%,87.35%,87.68%,86.57%,86.57%,93.01%,95.05%,88.92%,88.50%,88.57%,88.06%,91.99%,97.18%,87.71%,83.84%,80.95%,87.80%
生活應用科學學類,50265,72992,26738,22671,20128,,46295,76081,29766,24931,25143,,40371,79667,28232,22610,25620,,91.30%,90.48%,89.22%,90.91%,56.25%,,86.96%,90.48%,92.16%,83.64%,56.25%,,89.66%,95.35%,81.25%,75.86%,66.67%,
服飾學類,40639,71183,29504,28296,22084,,46975,73278,31709,31710,31680,,42519,65060,30793,28992,18445,,78.95%,100.00%,83.14%,78.91%,54.55%,,78.95%,100.00%,85.80%,82.03%,77.27%,,72.22%,80.00%,87.12%,83.92%,75.00%,
美容學類,34901,29382,28710,27956,25589,29395,36773,26772,30625,29854,26516,31429,34498,42747,29181,29115,24314,28105,85.71%,100.00%,87.89%,84.38%,73.28%,80.69%,85.71%,100.00%,89.01%,85.67%,78.41%,79.81%,96.30%,91.67%,87.00%,85.64%,72.20%,81.54%
其他民生學類,46414,58254,31530,32103,,,49789,56579,33910,36234,,,41129,77287,29236,44213,,,85.71%,100.00%,92.22%,86.36%,,,80.95%,100.00%,90.00%,86.36%,,,83.33%,100.00%,85.06%,91.67%,,
運輸管理學類,45016,80371,32975,33924,,,50381,90435,36520,36261,,,49711,88764,35007,35554,,,96.41%,94.29%,87.89%,88.28%,,,95.96%,95.71%,90.31%,90.34%,,,93.17%,96.43%,87.56%,92.00%,,
航空學類,43507,81789,30564,30442,,,49295,106905,32886,35800,,,45720,44299,31714,29978,,,94.44%,85.71%,90.74%,85.54%,,,94.44%,85.71%,90.77%,86.75%,,,95.00%,77.78%,89.25%,89.36%,,
航海學類,49579,85611,49321,,24196,56674,49889,83235,61114,,43281,66102,50848,77357,50928,,32660,54914,84.21%,77.78%,88.80%,,73.68%,83.33%,94.74%,83.33%,90.40%,,78.95%,77.78%,90.00%,100.00%,88.81%,,81.82%,75.00%
環境資源學類,49259,81996,27582,40252,,,53775,86112,29708,41640,,,60282,74002,27816,30219,,,94.94%,91.89%,90.59%,88.71%,,,88.89%,91.89%,92.19%,85.94%,,,98.29%,100.00%,88.13%,89.80%,,
環境防災學類,43111,59331,26988,,,,49284,67567,30532,,,,38242,74649,31147,,,,90.00%,95.24%,89.47%,,,,88.57%,95.24%,89.47%,,,,96.00%,100.00%,93.62%,,,
其他環境保護學類,39917,61156,,,,,40883,66897,,,,,35677,67809,,,,,86.36%,91.30%,,,,,95.45%,91.30%,,,,,85.71%,96.88%,,,,
警政學類,,50196,25693,,,,,50195,30224,,,,,81056,24444,,,,,80.00%,83.70%,,,,,80.00%,82.61%,,,,,90.00%,82.35%,,,
其他不能歸類之各學類,74148,62793,38232,,,,77322,63023,45150,,,,88234,83027,,,,,,,,,,,,,,,,,,,,,,
